model,acc,precision,recall,F1,epochs,seed
patience static,0.6783216783216783,0.6652388369678088,0.6306444991789819,0.6314432989690721,116,95822412
patience static,0.6993006993006993,0.6891025641025641,0.6574302134646962,0.6611187655001378,363,24942603
patience static,0.6853146853146853,0.6700143472022956,0.645935960591133,0.6489936180657829,157,13356886
patience static,0.6713286713286714,0.6551504334523202,0.6248973727422003,0.6255501699259012,197,46913810
patience static,0.7132867132867133,0.704208512673362,0.6752873563218391,0.6801941853488245,169,42868828
patience static,0.6923076923076923,0.6778642149929279,0.6548645320197044,0.6584889274858879,168,39958838
patience static,0.6923076923076923,0.6838006230529594,0.645320197044335,0.6474675033617212,155,28728463
patience static,0.6993006993006993,0.6855813953488372,0.6637931034482758,0.6678550207961973,243,23756669
patience static,0.6783216783216783,0.6652388369678088,0.6306444991789819,0.6314432989690721,342,83197857
patience static,0.6783216783216783,0.6652388369678088,0.6306444991789819,0.6314432989690721,235,21668732
patience static,0.7132867132867133,0.704208512673362,0.6752873563218391,0.6801941853488245,158,89254563
patience static,0.7062937062937062,0.6992481203007519,0.6631773399014778,0.6672207446808511,138,66629388
patience static,0.7062937062937062,0.6947194719471947,0.6695402298850575,0.6740121580547112,131,14265799
patience static,0.6993006993006993,0.6891025641025641,0.6574302134646962,0.6611187655001378,196,13999315
patience static,0.6993006993006993,0.6871114299378288,0.6606116584564861,0.6645939017073037,153,22575562
patience static,0.6853146853146853,0.6733809280979093,0.6395730706075533,0.6414842052482033,318,39345092
patience static,0.7062937062937062,0.6992481203007519,0.6631773399014778,0.6672207446808511,158,41227216
patience static,0.7202797202797203,0.7171679197994987,0.6778530377668309,0.6830673758865249,115,77827638
patience static,0.7132867132867133,0.7006802721088435,0.6816502463054187,0.6862188921594863,167,90801586
patience static,0.7062937062937062,0.6931818181818181,0.6727216748768473,0.6770967741935483,121,13561597
patience static,0.6643356643356644,0.6503378378378378,0.6096059113300493,0.6060606060606061,585,85329037
patience static,0.6993006993006993,0.6916114227434982,0.6542487684729064,0.6574182405705054,167,36687537
patience static,0.6643356643356644,0.6466770508826584,0.6159688013136289,0.6154190945764231,373,97226012
patience static,0.6783216783216783,0.6675661090124123,0.6274630541871921,0.6270975056689342,247,83140807
patience static,0.7062937062937062,0.6992481203007519,0.6631773399014778,0.6672207446808511,114,66306997
patience static,0.7132867132867133,0.7098419173890872,0.6689244663382594,0.6733522758928074,114,39587039
patience static,0.6783216783216783,0.6652388369678088,0.6306444991789819,0.6314432989690721,189,70291817
patience static,0.6993006993006993,0.6855813953488372,0.6637931034482758,0.6678550207961973,156,89089901
patience static,0.6993006993006993,0.6916114227434982,0.6542487684729064,0.6574182405705054,141,47338124
patience static,0.6643356643356644,0.6466770508826584,0.6159688013136289,0.6154190945764231,269,10872248
h static,0.6783216783216783,0.6652388369678088,0.6306444991789819,0.6314432989690721,116,95822412
h static,0.6993006993006993,0.6891025641025641,0.6574302134646962,0.6611187655001378,519,24942603
h static,0.6853146853146853,0.6757936507936508,0.6363916256157636,0.6373626373626373,301,13356886
h static,0.6783216783216783,0.6675661090124123,0.6274630541871921,0.6270975056689342,267,46913810
h static,0.6853146853146853,0.6787878787878787,0.6332101806239737,0.6329778132664119,244,42868828
h static,0.6993006993006993,0.6947089947089947,0.6510673234811166,0.6534798534798535,230,39958838
h static,0.6643356643356644,0.6466770508826584,0.6159688013136289,0.6154190945764231,224,28728463
h static,0.6713286713286714,0.6551504334523202,0.6248973727422003,0.6255501699259012,259,23756669
h static,0.6783216783216783,0.6634085213032581,0.6338259441707718,0.6355274822695035,354,83197857
h static,0.6853146853146853,0.6787878787878787,0.6332101806239737,0.6329778132664119,285,21668732
h static,0.6923076923076923,0.679368932038835,0.6516830870279147,0.6550438596491228,234,89254563
h static,0.6993006993006993,0.6891025641025641,0.6574302134646962,0.6611187655001378,225,66629388
h static,0.7062937062937062,0.6947194719471947,0.6695402298850575,0.6740121580547112,131,14265799
h static,0.6783216783216783,0.6634085213032581,0.6338259441707718,0.6355274822695035,247,13999315
h static,0.6713286713286714,0.6568783068783068,0.6217159277504105,0.6212454212454213,227,22575562
h static,0.6713286713286714,0.6590909090909091,0.6185344827586207,0.6166657160782524,351,39345092
h static,0.6853146853146853,0.6787878787878787,0.6332101806239737,0.6329778132664119,236,41227216
h static,0.7202797202797203,0.7171679197994987,0.6778530377668309,0.6830673758865249,115,77827638
h static,0.6923076923076923,0.6868591473286563,0.6421387520525452,0.6433106575963718,315,90801586
h static,0.7062937062937062,0.6931818181818181,0.6727216748768473,0.6770967741935483,121,13561597
h static,0.6713286713286714,0.6568783068783068,0.6217159277504105,0.6212454212454213,576,85329037
h static,0.7062937062937062,0.6992481203007519,0.6631773399014778,0.6672207446808511,229,36687537
h static,0.6643356643356644,0.6466770508826584,0.6159688013136289,0.6154190945764231,361,97226012
h static,0.6853146853146853,0.668953488372093,0.6491174055829229,0.6524064171122994,257,83140807
h static,0.7062937062937062,0.6992481203007519,0.6631773399014778,0.6672207446808511,114,66306997
h static,0.7132867132867133,0.7098419173890872,0.6689244663382594,0.6733522758928074,114,39587039
h static,0.6923076923076923,0.6813283208020051,0.6485016420361248,0.6513741134751774,258,70291817
h static,0.6783216783216783,0.6675661090124123,0.6274630541871921,0.6270975056689342,235,89089901
h static,0.6993006993006993,0.6916114227434982,0.6542487684729064,0.6574182405705054,141,47338124
h static,0.6783216783216783,0.6675661090124123,0.6274630541871921,0.6270975056689342,305,10872248
patience dynamic 01,0.6923076923076923,0.6813283208020051,0.6485016420361248,0.6513741134751774,247,95822412
patience dynamic 01,0.6643356643356644,0.6466770508826584,0.6159688013136289,0.6154190945764231,316,24942603
patience dynamic 01,0.6853146853146853,0.6787878787878787,0.6332101806239737,0.6329778132664119,270,13356886
patience dynamic 01,0.6783216783216783,0.6675661090124123,0.6274630541871921,0.6270975056689342,243,46913810
patience dynamic 01,0.6993006993006993,0.6916114227434982,0.6542487684729064,0.6574182405705054,149,42868828
patience dynamic 01,0.6923076923076923,0.6905968468468469,0.6389573070607554,0.6388888888888888,277,39958838
patience dynamic 01,0.6853146853146853,0.6733809280979093,0.6395730706075533,0.6414842052482033,231,28728463
patience dynamic 01,0.6993006993006993,0.6891025641025641,0.6574302134646962,0.6611187655001378,179,23756669
patience dynamic 01,0.6853146853146853,0.6787878787878787,0.6332101806239737,0.6329778132664119,289,83197857
patience dynamic 01,0.6643356643356644,0.6466770508826584,0.6159688013136289,0.6154190945764231,294,21668732
patience dynamic 01,0.6783216783216783,0.6675661090124123,0.6274630541871921,0.6270975056689342,236,89254563
patience dynamic 01,0.6783216783216783,0.6620145631067962,0.6370073891625616,0.6393640350877193,215,66629388
patience dynamic 01,0.6783216783216783,0.6675661090124123,0.6274630541871921,0.6270975056689342,584,14265799
patience dynamic 01,0.6853146853146853,0.6787878787878787,0.6332101806239737,0.6329778132664119,609,13999315
patience dynamic 01,0.6923076923076923,0.679368932038835,0.6516830870279147,0.6550438596491228,197,22575562
patience dynamic 01,0.6783216783216783,0.6675661090124123,0.6274630541871921,0.6270975056689342,411,39345092
patience dynamic 01,0.6783216783216783,0.6652388369678088,0.6306444991789819,0.6314432989690721,264,41227216
patience dynamic 01,0.7062937062937062,0.6931818181818181,0.6727216748768473,0.6770967741935483,193,77827638
patience dynamic 01,0.6993006993006993,0.6844671201814059,0.6669745484400658,0.6709124966550709,265,90801586
patience dynamic 01,0.6853146853146853,0.6700143472022956,0.645935960591133,0.6489936180657829,214,13561597
patience dynamic 01,0.6783216783216783,0.6675661090124123,0.6274630541871921,0.6270975056689342,404,85329037
patience dynamic 01,0.6713286713286714,0.6551504334523202,0.6248973727422003,0.6255501699259012,306,36687537
patience dynamic 01,0.6713286713286714,0.6568783068783068,0.6217159277504105,0.6212454212454213,283,97226012
patience dynamic 01,0.6783216783216783,0.6634085213032581,0.6338259441707718,0.6355274822695035,271,83140807
patience dynamic 01,0.6713286713286714,0.6551504334523202,0.6248973727422003,0.6255501699259012,190,66306997
patience dynamic 01,0.6783216783216783,0.6675661090124123,0.6274630541871921,0.6270975056689342,480,39587039
patience dynamic 01,0.6713286713286714,0.6568783068783068,0.6217159277504105,0.6212454212454213,452,70291817
patience dynamic 01,0.6993006993006993,0.6871114299378288,0.6606116584564861,0.6645939017073037,137,89089901
patience dynamic 01,0.6783216783216783,0.6675661090124123,0.6274630541871921,0.6270975056689342,277,47338124
patience dynamic 01,0.6573426573426573,0.6369199388067313,0.6102216748768473,0.6096161346035991,385,10872248
patience dynamic 05,0.6783216783216783,0.6652388369678088,0.6306444991789819,0.6314432989690721,324,95822412
patience dynamic 05,0.6783216783216783,0.6675661090124123,0.6274630541871921,0.6270975056689342,361,24942603
patience dynamic 05,0.6853146853146853,0.6787878787878787,0.6332101806239737,0.6329778132664119,426,13356886
patience dynamic 05,0.6853146853146853,0.6787878787878787,0.6332101806239737,0.6329778132664119,261,46913810
patience dynamic 05,0.6853146853146853,0.6787878787878787,0.6332101806239737,0.6329778132664119,305,42868828
patience dynamic 05,0.6923076923076923,0.6905968468468469,0.6389573070607554,0.6388888888888888,261,39958838
patience dynamic 05,0.6713286713286714,0.6568783068783068,0.6217159277504105,0.6212454212454213,351,28728463
patience dynamic 05,0.6993006993006993,0.6891025641025641,0.6574302134646962,0.6611187655001378,251,23756669
patience dynamic 05,0.6853146853146853,0.6787878787878787,0.6332101806239737,0.6329778132664119,324,83197857
patience dynamic 05,0.6923076923076923,0.6838006230529594,0.645320197044335,0.6474675033617212,216,21668732
patience dynamic 05,0.6923076923076923,0.6767676767676767,0.6580459770114943,0.6617204301075269,141,89254563
patience dynamic 05,0.6923076923076923,0.679368932038835,0.6516830870279147,0.6550438596491228,171,66629388
patience dynamic 05,0.7062937062937062,0.6947194719471947,0.6695402298850575,0.6740121580547112,136,14265799
patience dynamic 05,0.6923076923076923,0.6838006230529594,0.645320197044335,0.6474675033617212,186,13999315
patience dynamic 05,0.6923076923076923,0.679368932038835,0.6516830870279147,0.6550438596491228,216,22575562
patience dynamic 05,0.6783216783216783,0.6675661090124123,0.6274630541871921,0.6270975056689342,341,39345092
patience dynamic 05,0.6853146853146853,0.6787878787878787,0.6332101806239737,0.6329778132664119,216,41227216
patience dynamic 05,0.6993006993006993,0.6871114299378288,0.6606116584564861,0.6645939017073037,191,77827638
patience dynamic 05,0.6923076923076923,0.6838006230529594,0.645320197044335,0.6474675033617212,293,90801586
patience dynamic 05,0.6993006993006993,0.6891025641025641,0.6574302134646962,0.6611187655001378,197,13561597
patience dynamic 05,0.6783216783216783,0.6675661090124123,0.6274630541871921,0.6270975056689342,391,85329037
patience dynamic 05,0.6643356643356644,0.6466770508826584,0.6159688013136289,0.6154190945764231,386,36687537
patience dynamic 05,0.7132867132867133,0.704208512673362,0.6752873563218391,0.6801941853488245,137,97226012
patience dynamic 05,0.6783216783216783,0.6675661090124123,0.6274630541871921,0.6270975056689342,256,83140807
patience dynamic 05,0.6853146853146853,0.6757936507936508,0.6363916256157636,0.6373626373626373,162,66306997
patience dynamic 05,0.6783216783216783,0.6675661090124123,0.6274630541871921,0.6270975056689342,320,39587039
patience dynamic 05,0.6853146853146853,0.6787878787878787,0.6332101806239737,0.6329778132664119,456,70291817
patience dynamic 05,0.6783216783216783,0.6652388369678088,0.6306444991789819,0.6314432989690721,146,89089901
patience dynamic 05,0.6853146853146853,0.6787878787878787,0.6332101806239737,0.6329778132664119,286,47338124
patience dynamic 05,0.6853146853146853,0.6757936507936508,0.6363916256157636,0.6373626373626373,138,10872248
patience dynamic 10,0.6713286713286714,0.6568783068783068,0.6217159277504105,0.6212454212454213,266,95822412
patience dynamic 10,0.6783216783216783,0.6652388369678088,0.6306444991789819,0.6314432989690721,291,24942603
patience dynamic 10,0.6853146853146853,0.6757936507936508,0.6363916256157636,0.6373626373626373,344,13356886
patience dynamic 10,0.6853146853146853,0.6757936507936508,0.6363916256157636,0.6373626373626373,231,46913810
patience dynamic 10,0.6783216783216783,0.6675661090124123,0.6274630541871921,0.6270975056689342,312,42868828
patience dynamic 10,0.6853146853146853,0.6757936507936508,0.6363916256157636,0.6373626373626373,241,39958838
patience dynamic 10,0.6713286713286714,0.6551504334523202,0.6248973727422003,0.6255501699259012,191,28728463
patience dynamic 10,0.6923076923076923,0.6868591473286563,0.6421387520525452,0.6433106575963718,301,23756669
patience dynamic 10,0.6713286713286714,0.6568783068783068,0.6217159277504105,0.6212454212454213,231,83197857
patience dynamic 10,0.6853146853146853,0.6757936507936508,0.6363916256157636,0.6373626373626373,331,21668732
patience dynamic 10,0.6853146853146853,0.671474358974359,0.6427545155993432,0.6453568476164233,182,89254563
patience dynamic 10,0.6783216783216783,0.6675661090124123,0.6274630541871921,0.6270975056689342,246,66629388
patience dynamic 10,0.6923076923076923,0.6838006230529594,0.645320197044335,0.6474675033617212,171,14265799
patience dynamic 10,0.6783216783216783,0.6675661090124123,0.6274630541871921,0.6270975056689342,271,13999315
patience dynamic 10,0.6923076923076923,0.6767676767676767,0.6580459770114943,0.6617204301075269,171,22575562
patience dynamic 10,0.6923076923076923,0.6905968468468469,0.6389573070607554,0.6388888888888888,382,39345092
patience dynamic 10,0.6993006993006993,0.6947089947089947,0.6510673234811166,0.6534798534798535,194,41227216
patience dynamic 10,0.7132867132867133,0.7022093023255813,0.6784688013136289,0.6833036244800951,138,77827638
patience dynamic 10,0.6713286713286714,0.6568783068783068,0.6217159277504105,0.6212454212454213,291,90801586
patience dynamic 10,0.7132867132867133,0.7098419173890872,0.6689244663382594,0.6733522758928074,171,13561597
patience dynamic 10,0.7062937062937062,0.6967233009708738,0.6663587848932676,0.6707236842105263,151,85329037
patience dynamic 10,0.6783216783216783,0.6704673423423424,0.6242816091954023,0.6224747474747474,124,36687537
patience dynamic 10,0.6993006993006993,0.6871114299378288,0.6606116584564861,0.6645939017073037,171,97226012
patience dynamic 10,0.6853146853146853,0.6757936507936508,0.6363916256157636,0.6373626373626373,281,83140807
patience dynamic 10,0.6783216783216783,0.6675661090124123,0.6274630541871921,0.6270975056689342,221,66306997
patience dynamic 10,0.6923076923076923,0.6905968468468469,0.6389573070607554,0.6388888888888888,201,39587039
patience dynamic 10,0.6853146853146853,0.6757936507936508,0.6363916256157636,0.6373626373626373,179,70291817
patience dynamic 10,0.6853146853146853,0.6757936507936508,0.6363916256157636,0.6373626373626373,200,89089901
patience dynamic 10,0.6923076923076923,0.6838006230529594,0.645320197044335,0.6474675033617212,231,47338124
patience dynamic 10,0.6923076923076923,0.6838006230529594,0.645320197044335,0.6474675033617212,171,10872248
patience dynamic 20,0.7062937062937062,0.6967233009708738,0.6663587848932676,0.6707236842105263,162,95822412
patience dynamic 20,0.6713286713286714,0.6568783068783068,0.6217159277504105,0.6212454212454213,343,24942603
patience dynamic 20,0.7202797202797203,0.7140776699029125,0.6810344827586207,0.6864035087719298,141,13356886
patience dynamic 20,0.6643356643356644,0.6466770508826584,0.6159688013136289,0.6154190945764231,369,46913810
patience dynamic 20,0.6993006993006993,0.6916114227434982,0.6542487684729064,0.6574182405705054,144,42868828
patience dynamic 20,0.6853146853146853,0.6787878787878787,0.6332101806239737,0.6329778132664119,396,39958838
patience dynamic 20,0.6713286713286714,0.6551504334523202,0.6248973727422003,0.6255501699259012,281,28728463
patience dynamic 20,0.6993006993006993,0.6916114227434982,0.6542487684729064,0.6574182405705054,135,23756669
patience dynamic 20,0.6783216783216783,0.6675661090124123,0.6274630541871921,0.6270975056689342,164,83197857
patience dynamic 20,0.6923076923076923,0.6813283208020051,0.6485016420361248,0.6513741134751774,181,21668732
patience dynamic 20,0.6783216783216783,0.6675661090124123,0.6274630541871921,0.6270975056689342,268,89254563
patience dynamic 20,0.6853146853146853,0.6733809280979093,0.6395730706075533,0.6414842052482033,261,66629388
patience dynamic 20,0.6713286713286714,0.6568783068783068,0.6217159277504105,0.6212454212454213,243,14265799
patience dynamic 20,0.6923076923076923,0.6813283208020051,0.6485016420361248,0.6513741134751774,162,13999315
patience dynamic 20,0.6853146853146853,0.6757936507936508,0.6363916256157636,0.6373626373626373,242,22575562
patience dynamic 20,0.6853146853146853,0.6787878787878787,0.6332101806239737,0.6329778132664119,461,39345092
patience dynamic 20,0.6993006993006993,0.6891025641025641,0.6574302134646962,0.6611187655001378,141,41227216
patience dynamic 20,0.6783216783216783,0.6704673423423424,0.6242816091954023,0.6224747474747474,177,77827638
patience dynamic 20,0.6923076923076923,0.6813283208020051,0.6485016420361248,0.6513741134751774,202,90801586
patience dynamic 20,0.6993006993006993,0.6891025641025641,0.6574302134646962,0.6611187655001378,241,13561597
patience dynamic 20,0.6923076923076923,0.6813283208020051,0.6485016420361248,0.6513741134751774,202,85329037
patience dynamic 20,0.6993006993006993,0.6947089947089947,0.6510673234811166,0.6534798534798535,150,36687537
patience dynamic 20,0.6783216783216783,0.6675661090124123,0.6274630541871921,0.6270975056689342,245,97226012
patience dynamic 20,0.6853146853146853,0.6733809280979093,0.6395730706075533,0.6414842052482033,221,83140807
patience dynamic 20,0.6923076923076923,0.6813283208020051,0.6485016420361248,0.6513741134751774,159,66306997
patience dynamic 20,0.6713286713286714,0.6568783068783068,0.6217159277504105,0.6212454212454213,184,39587039
patience dynamic 20,0.6783216783216783,0.6675661090124123,0.6274630541871921,0.6270975056689342,255,70291817
patience dynamic 20,0.6783216783216783,0.6675661090124123,0.6274630541871921,0.6270975056689342,283,89089901
patience dynamic 20,0.6923076923076923,0.6838006230529594,0.645320197044335,0.6474675033617212,241,47338124
patience dynamic 20,0.6783216783216783,0.6675661090124123,0.6274630541871921,0.6270975056689342,242,10872248
patience dynamic 30,0.6923076923076923,0.6813283208020051,0.6485016420361248,0.6513741134751774,192,95822412
patience dynamic 30,0.7132867132867133,0.7098419173890872,0.6689244663382594,0.6733522758928074,159,24942603
patience dynamic 30,0.7272727272727273,0.7188372093023256,0.6931444991789819,0.6987522281639929,161,13356886
patience dynamic 30,0.6993006993006993,0.6891025641025641,0.6574302134646962,0.6611187655001378,161,46913810
patience dynamic 30,0.6923076923076923,0.6905968468468469,0.6389573070607554,0.6388888888888888,173,42868828
patience dynamic 30,0.6923076923076923,0.679368932038835,0.6516830870279147,0.6550438596491228,221,39958838
patience dynamic 30,0.6853146853146853,0.6733809280979093,0.6395730706075533,0.6414842052482033,161,28728463
patience dynamic 30,0.7062937062937062,0.6992481203007519,0.6631773399014778,0.6672207446808511,158,23756669
patience dynamic 30,0.6713286713286714,0.6568783068783068,0.6217159277504105,0.6212454212454213,192,83197857
patience dynamic 30,0.6643356643356644,0.6466770508826584,0.6159688013136289,0.6154190945764231,221,21668732
patience dynamic 30,0.6923076923076923,0.6868591473286563,0.6421387520525452,0.6433106575963718,342,89254563
patience dynamic 30,0.6713286713286714,0.6568783068783068,0.6217159277504105,0.6212454212454213,341,66629388
patience dynamic 30,0.6783216783216783,0.6675661090124123,0.6274630541871921,0.6270975056689342,213,14265799
patience dynamic 30,0.6923076923076923,0.6813283208020051,0.6485016420361248,0.6513741134751774,194,13999315
patience dynamic 30,0.6853146853146853,0.6787878787878787,0.6332101806239737,0.6329778132664119,319,22575562
patience dynamic 30,0.6853146853146853,0.6787878787878787,0.6332101806239737,0.6329778132664119,643,39345092
patience dynamic 30,0.6993006993006993,0.6916114227434982,0.6542487684729064,0.6574182405705054,171,41227216
patience dynamic 30,0.6923076923076923,0.6838006230529594,0.645320197044335,0.6474675033617212,196,77827638
patience dynamic 30,0.6993006993006993,0.6916114227434982,0.6542487684729064,0.6574182405705054,251,90801586
patience dynamic 30,0.6853146853146853,0.668953488372093,0.6491174055829229,0.6524064171122994,311,13561597
patience dynamic 30,0.6783216783216783,0.6652388369678088,0.6306444991789819,0.6314432989690721,251,85329037
patience dynamic 30,0.6853146853146853,0.6757936507936508,0.6363916256157636,0.6373626373626373,163,36687537
patience dynamic 30,0.7132867132867133,0.7098419173890872,0.6689244663382594,0.6733522758928074,163,97226012
patience dynamic 30,0.6993006993006993,0.6916114227434982,0.6542487684729064,0.6574182405705054,147,83140807
patience dynamic 30,0.6853146853146853,0.6733809280979093,0.6395730706075533,0.6414842052482033,163,66306997
patience dynamic 30,0.6923076923076923,0.6905968468468469,0.6389573070607554,0.6388888888888888,221,39587039
patience dynamic 30,0.6853146853146853,0.6757936507936508,0.6363916256157636,0.6373626373626373,190,70291817
patience dynamic 30,0.6853146853146853,0.6787878787878787,0.6332101806239737,0.6329778132664119,371,89089901
patience dynamic 30,0.6783216783216783,0.6675661090124123,0.6274630541871921,0.6270975056689342,311,47338124
patience dynamic 30,0.6783216783216783,0.6675661090124123,0.6274630541871921,0.6270975056689342,311,10872248
patience dynamic 50,0.6853146853146853,0.6824596774193548,0.6300287356321839,0.6283139837116618,252,95822412
patience dynamic 50,0.6853146853146853,0.6733809280979093,0.6395730706075533,0.6414842052482033,191,24942603
patience dynamic 50,0.7132867132867133,0.7098419173890872,0.6689244663382594,0.6733522758928074,201,13356886
patience dynamic 50,0.6923076923076923,0.6838006230529594,0.645320197044335,0.6474675033617212,161,46913810
patience dynamic 50,0.6853146853146853,0.671474358974359,0.6427545155993432,0.6453568476164233,201,42868828
patience dynamic 50,0.6643356643356644,0.6466770508826584,0.6159688013136289,0.6154190945764231,301,39958838
patience dynamic 50,0.6853146853146853,0.6757936507936508,0.6363916256157636,0.6373626373626373,201,28728463
patience dynamic 50,0.7062937062937062,0.70236240913811,0.659995894909688,0.6634917077543703,151,23756669
patience dynamic 50,0.6853146853146853,0.6787878787878787,0.6332101806239737,0.6329778132664119,351,83197857
patience dynamic 50,0.6993006993006993,0.6871114299378288,0.6606116584564861,0.6645939017073037,149,21668732
patience dynamic 50,0.6713286713286714,0.6568783068783068,0.6217159277504105,0.6212454212454213,254,89254563
patience dynamic 50,0.6713286713286714,0.6568783068783068,0.6217159277504105,0.6212454212454213,352,66629388
patience dynamic 50,0.6783216783216783,0.6675661090124123,0.6274630541871921,0.6270975056689342,253,14265799
patience dynamic 50,0.6853146853146853,0.6757936507936508,0.6363916256157636,0.6373626373626373,253,13999315
patience dynamic 50,0.6853146853146853,0.6787878787878787,0.6332101806239737,0.6329778132664119,451,22575562
patience dynamic 50,0.6783216783216783,0.6652388369678088,0.6306444991789819,0.6314432989690721,251,39345092
patience dynamic 50,0.6923076923076923,0.6778642149929279,0.6548645320197044,0.6584889274858879,201,41227216
patience dynamic 50,0.6713286713286714,0.6551504334523202,0.6248973727422003,0.6255501699259012,256,77827638
patience dynamic 50,0.6853146853146853,0.6757936507936508,0.6363916256157636,0.6373626373626373,351,90801586
patience dynamic 50,0.6853146853146853,0.6757936507936508,0.6363916256157636,0.6373626373626373,313,13561597
patience dynamic 50,0.6783216783216783,0.6652388369678088,0.6306444991789819,0.6314432989690721,401,85329037
patience dynamic 50,0.6993006993006993,0.6916114227434982,0.6542487684729064,0.6574182405705054,206,36687537
patience dynamic 50,0.6783216783216783,0.6675661090124123,0.6274630541871921,0.6270975056689342,201,97226012
patience dynamic 50,0.6923076923076923,0.6838006230529594,0.645320197044335,0.6474675033617212,191,83140807
patience dynamic 50,0.6783216783216783,0.6675661090124123,0.6274630541871921,0.6270975056689342,201,66306997
patience dynamic 50,0.6853146853146853,0.6700143472022956,0.645935960591133,0.6489936180657829,201,39587039
patience dynamic 50,0.6993006993006993,0.6871114299378288,0.6606116584564861,0.6645939017073037,203,70291817
patience dynamic 50,0.6713286713286714,0.6568783068783068,0.6217159277504105,0.6212454212454213,271,89089901
patience dynamic 50,0.6993006993006993,0.7030529953917051,0.6447044334975369,0.6448333622133657,351,47338124
patience dynamic 50,0.6923076923076923,0.6868591473286563,0.6421387520525452,0.6433106575963718,302,10872248
h dynamic 01,0.6783216783216783,0.6675661090124123,0.6274630541871921,0.6270975056689342,764,95822412
h dynamic 01,0.6853146853146853,0.6733809280979093,0.6395730706075533,0.6414842052482033,1073,24942603
h dynamic 01,0.6713286713286714,0.6568783068783068,0.6217159277504105,0.6212454212454213,756,13356886
h dynamic 01,0.6783216783216783,0.6652388369678088,0.6306444991789819,0.6314432989690721,908,46913810
h dynamic 01,0.6993006993006993,0.6947089947089947,0.6510673234811166,0.6534798534798535,239,42868828
h dynamic 01,0.7062937062937062,0.70236240913811,0.659995894909688,0.6634917077543703,1496,39958838
h dynamic 01,0.6643356643356644,0.6466770508826584,0.6159688013136289,0.6154190945764231,610,28728463
h dynamic 01,0.6923076923076923,0.6838006230529594,0.645320197044335,0.6474675033617212,830,23756669
h dynamic 01,0.6853146853146853,0.6787878787878787,0.6332101806239737,0.6329778132664119,516,83197857
h dynamic 01,0.6853146853146853,0.6787878787878787,0.6332101806239737,0.6329778132664119,492,21668732
h dynamic 01,0.6853146853146853,0.6733809280979093,0.6395730706075533,0.6414842052482033,418,89254563
h dynamic 01,0.6783216783216783,0.6652388369678088,0.6306444991789819,0.6314432989690721,608,66629388
h dynamic 01,0.6643356643356644,0.6466770508826584,0.6159688013136289,0.6154190945764231,375,14265799
h dynamic 01,0.6713286713286714,0.6551504334523202,0.6248973727422003,0.6255501699259012,318,13999315
h dynamic 01,0.6853146853146853,0.6787878787878787,0.6332101806239737,0.6329778132664119,358,22575562
h dynamic 01,0.6853146853146853,0.6787878787878787,0.6332101806239737,0.6329778132664119,537,39345092
h dynamic 01,0.6853146853146853,0.671474358974359,0.6427545155993432,0.6453568476164233,757,41227216
h dynamic 01,0.6853146853146853,0.6787878787878787,0.6332101806239737,0.6329778132664119,481,77827638
h dynamic 01,0.6923076923076923,0.6868591473286563,0.6421387520525452,0.6433106575963718,725,90801586
h dynamic 01,0.6783216783216783,0.6675661090124123,0.6274630541871921,0.6270975056689342,431,13561597
h dynamic 01,0.6853146853146853,0.6787878787878787,0.6332101806239737,0.6329778132664119,867,85329037
h dynamic 01,0.6783216783216783,0.6675661090124123,0.6274630541871921,0.6270975056689342,520,36687537
h dynamic 01,0.6713286713286714,0.6551504334523202,0.6248973727422003,0.6255501699259012,575,97226012
h dynamic 01,0.6713286713286714,0.6551504334523202,0.6248973727422003,0.6255501699259012,324,83140807
h dynamic 01,0.6713286713286714,0.6568783068783068,0.6217159277504105,0.6212454212454213,488,66306997
h dynamic 01,0.6713286713286714,0.6568783068783068,0.6217159277504105,0.6212454212454213,266,39587039
h dynamic 01,0.6783216783216783,0.6675661090124123,0.6274630541871921,0.6270975056689342,466,70291817
h dynamic 01,0.6783216783216783,0.6652388369678088,0.6306444991789819,0.6314432989690721,593,89089901
h dynamic 01,0.6853146853146853,0.6787878787878787,0.6332101806239737,0.6329778132664119,511,47338124
h dynamic 01,0.6783216783216783,0.6675661090124123,0.6274630541871921,0.6270975056689342,539,10872248
h dynamic 05,0.6923076923076923,0.6868591473286563,0.6421387520525452,0.6433106575963718,1017,95822412
h dynamic 05,0.6783216783216783,0.6675661090124123,0.6274630541871921,0.6270975056689342,344,24942603
h dynamic 05,0.6713286713286714,0.6568783068783068,0.6217159277504105,0.6212454212454213,682,13356886
h dynamic 05,0.6853146853146853,0.6733809280979093,0.6395730706075533,0.6414842052482033,1038,46913810
h dynamic 05,0.6923076923076923,0.6905968468468469,0.6389573070607554,0.6388888888888888,985,42868828
h dynamic 05,0.6853146853146853,0.6787878787878787,0.6332101806239737,0.6329778132664119,813,39958838
h dynamic 05,0.6853146853146853,0.6787878787878787,0.6332101806239737,0.6329778132664119,413,28728463
h dynamic 05,0.6783216783216783,0.6675661090124123,0.6274630541871921,0.6270975056689342,489,23756669
h dynamic 05,0.6993006993006993,0.6947089947089947,0.6510673234811166,0.6534798534798535,1072,83197857
h dynamic 05,0.6923076923076923,0.6838006230529594,0.645320197044335,0.6474675033617212,723,21668732
h dynamic 05,0.6783216783216783,0.6675661090124123,0.6274630541871921,0.6270975056689342,672,89254563
h dynamic 05,0.6713286713286714,0.6568783068783068,0.6217159277504105,0.6212454212454213,710,66629388
h dynamic 05,0.6713286713286714,0.6568783068783068,0.6217159277504105,0.6212454212454213,442,14265799
h dynamic 05,0.6713286713286714,0.6551504334523202,0.6248973727422003,0.6255501699259012,1455,13999315
h dynamic 05,0.6923076923076923,0.6868591473286563,0.6421387520525452,0.6433106575963718,444,22575562
h dynamic 05,0.6923076923076923,0.6868591473286563,0.6421387520525452,0.6433106575963718,847,39345092
h dynamic 05,0.6783216783216783,0.6634085213032581,0.6338259441707718,0.6355274822695035,1703,41227216
h dynamic 05,0.6713286713286714,0.6568783068783068,0.6217159277504105,0.6212454212454213,1352,77827638
h dynamic 05,0.6783216783216783,0.6675661090124123,0.6274630541871921,0.6270975056689342,531,90801586
h dynamic 05,0.6853146853146853,0.6757936507936508,0.6363916256157636,0.6373626373626373,631,13561597
h dynamic 05,0.6783216783216783,0.6675661090124123,0.6274630541871921,0.6270975056689342,450,85329037
h dynamic 05,0.6923076923076923,0.6868591473286563,0.6421387520525452,0.6433106575963718,1112,36687537
h dynamic 05,0.6713286713286714,0.6568783068783068,0.6217159277504105,0.6212454212454213,2234,97226012
h dynamic 05,0.6853146853146853,0.6757936507936508,0.6363916256157636,0.6373626373626373,565,83140807
h dynamic 05,0.6853146853146853,0.6787878787878787,0.6332101806239737,0.6329778132664119,621,66306997
h dynamic 05,0.6713286713286714,0.6568783068783068,0.6217159277504105,0.6212454212454213,689,39587039
h dynamic 05,0.6783216783216783,0.6675661090124123,0.6274630541871921,0.6270975056689342,618,70291817
h dynamic 05,0.6783216783216783,0.6675661090124123,0.6274630541871921,0.6270975056689342,1755,89089901
h dynamic 05,0.6713286713286714,0.6568783068783068,0.6217159277504105,0.6212454212454213,835,47338124
h dynamic 05,0.6573426573426573,0.637962962962963,0.6070402298850575,0.6051282051282052,2210,10872248
h dynamic 10,0.6783216783216783,0.6675661090124123,0.6274630541871921,0.6270975056689342,602,95822412
h dynamic 10,0.6923076923076923,0.6868591473286563,0.6421387520525452,0.6433106575963718,497,24942603
h dynamic 10,0.6783216783216783,0.6675661090124123,0.6274630541871921,0.6270975056689342,1203,13356886
h dynamic 10,0.6783216783216783,0.6652388369678088,0.6306444991789819,0.6314432989690721,525,46913810
h dynamic 10,0.6923076923076923,0.6813283208020051,0.6485016420361248,0.6513741134751774,1811,42868828
h dynamic 10,0.6993006993006993,0.6947089947089947,0.6510673234811166,0.6534798534798535,1490,39958838
h dynamic 10,0.6853146853146853,0.6757936507936508,0.6363916256157636,0.6373626373626373,681,28728463
h dynamic 10,0.6993006993006993,0.6916114227434982,0.6542487684729064,0.6574182405705054,1230,23756669
h dynamic 10,0.6993006993006993,0.6916114227434982,0.6542487684729064,0.6574182405705054,135,83197857
h dynamic 10,0.6783216783216783,0.6634085213032581,0.6338259441707718,0.6355274822695035,2090,21668732
h dynamic 10,0.6923076923076923,0.6868591473286563,0.6421387520525452,0.6433106575963718,853,89254563
h dynamic 10,0.6853146853146853,0.6733809280979093,0.6395730706075533,0.6414842052482033,891,66629388
h dynamic 10,0.6783216783216783,0.6652388369678088,0.6306444991789819,0.6314432989690721,1212,14265799
h dynamic 10,0.6783216783216783,0.6675661090124123,0.6274630541871921,0.6270975056689342,788,13999315
h dynamic 10,0.6783216783216783,0.6675661090124123,0.6274630541871921,0.6270975056689342,398,22575562
h dynamic 10,0.6923076923076923,0.6838006230529594,0.645320197044335,0.6474675033617212,932,39345092
h dynamic 10,0.6853146853146853,0.6757936507936508,0.6363916256157636,0.6373626373626373,730,41227216
h dynamic 10,0.6713286713286714,0.6568783068783068,0.6217159277504105,0.6212454212454213,2966,77827638
h dynamic 10,0.6853146853146853,0.6733809280979093,0.6395730706075533,0.6414842052482033,1794,90801586
h dynamic 10,0.7062937062937062,0.70236240913811,0.659995894909688,0.6634917077543703,1116,13561597
h dynamic 10,0.6783216783216783,0.6675661090124123,0.6274630541871921,0.6270975056689342,741,85329037
h dynamic 10,0.6783216783216783,0.6704673423423424,0.6242816091954023,0.6224747474747474,124,36687537
h dynamic 10,0.6853146853146853,0.6787878787878787,0.6332101806239737,0.6329778132664119,277,97226012
h dynamic 10,0.6993006993006993,0.6947089947089947,0.6510673234811166,0.6534798534798535,1020,83140807
h dynamic 10,0.6853146853146853,0.6757936507936508,0.6363916256157636,0.6373626373626373,1247,66306997
h dynamic 10,0.6853146853146853,0.6733809280979093,0.6395730706075533,0.6414842052482033,1216,39587039
h dynamic 10,0.6643356643356644,0.6466770508826584,0.6159688013136289,0.6154190945764231,344,70291817
h dynamic 10,0.6853146853146853,0.6787878787878787,0.6332101806239737,0.6329778132664119,997,89089901
h dynamic 10,0.6783216783216783,0.6675661090124123,0.6274630541871921,0.6270975056689342,802,47338124
h dynamic 10,0.6643356643356644,0.6466770508826584,0.6159688013136289,0.6154190945764231,464,10872248
h dynamic 20,0.7062937062937062,0.6967233009708738,0.6663587848932676,0.6707236842105263,162,95822412
h dynamic 20,0.6783216783216783,0.6634085213032581,0.6338259441707718,0.6355274822695035,926,24942603
h dynamic 20,0.6783216783216783,0.6675661090124123,0.6274630541871921,0.6270975056689342,347,13356886
h dynamic 20,0.6923076923076923,0.6813283208020051,0.6485016420361248,0.6513741134751774,147,46913810
h dynamic 20,0.6993006993006993,0.6916114227434982,0.6542487684729064,0.6574182405705054,144,42868828
h dynamic 20,0.6923076923076923,0.6868591473286563,0.6421387520525452,0.6433106575963718,440,39958838
h dynamic 20,0.6783216783216783,0.6675661090124123,0.6274630541871921,0.6270975056689342,345,28728463
h dynamic 20,0.6923076923076923,0.6868591473286563,0.6421387520525452,0.6433106575963718,883,23756669
h dynamic 20,0.6993006993006993,0.6947089947089947,0.6510673234811166,0.6534798534798535,1060,83197857
h dynamic 20,0.6853146853146853,0.6757936507936508,0.6363916256157636,0.6373626373626373,631,21668732
h dynamic 20,0.6853146853146853,0.6787878787878787,0.6332101806239737,0.6329778132664119,327,89254563
h dynamic 20,0.6853146853146853,0.6733809280979093,0.6395730706075533,0.6414842052482033,1361,66629388
h dynamic 20,0.6853146853146853,0.6787878787878787,0.6332101806239737,0.6329778132664119,877,14265799
h dynamic 20,0.6923076923076923,0.6905968468468469,0.6389573070607554,0.6388888888888888,602,13999315
h dynamic 20,0.6853146853146853,0.6787878787878787,0.6332101806239737,0.6329778132664119,314,22575562
h dynamic 20,0.6783216783216783,0.6704673423423424,0.6242816091954023,0.6224747474747474,494,39345092
h dynamic 20,0.6853146853146853,0.6757936507936508,0.6363916256157636,0.6373626373626373,450,41227216
h dynamic 20,0.6853146853146853,0.6757936507936508,0.6363916256157636,0.6373626373626373,231,77827638
h dynamic 20,0.6783216783216783,0.6634085213032581,0.6338259441707718,0.6355274822695035,276,90801586
h dynamic 20,0.6993006993006993,0.6891025641025641,0.6574302134646962,0.6611187655001378,1487,13561597
h dynamic 20,0.6783216783216783,0.6675661090124123,0.6274630541871921,0.6270975056689342,287,85329037
h dynamic 20,0.6853146853146853,0.6757936507936508,0.6363916256157636,0.6373626373626373,230,36687537
h dynamic 20,0.7062937062937062,0.6967233009708738,0.6663587848932676,0.6707236842105263,141,97226012
h dynamic 20,0.6853146853146853,0.6733809280979093,0.6395730706075533,0.6414842052482033,434,83140807
h dynamic 20,0.6783216783216783,0.6675661090124123,0.6274630541871921,0.6270975056689342,418,66306997
h dynamic 20,0.6923076923076923,0.6838006230529594,0.645320197044335,0.6474675033617212,1273,39587039
h dynamic 20,0.6713286713286714,0.6568783068783068,0.6217159277504105,0.6212454212454213,315,70291817
h dynamic 20,0.6923076923076923,0.6868591473286563,0.6421387520525452,0.6433106575963718,965,89089901
h dynamic 20,0.6923076923076923,0.6813283208020051,0.6485016420361248,0.6513741134751774,1442,47338124
h dynamic 20,0.6713286713286714,0.6568783068783068,0.6217159277504105,0.6212454212454213,315,10872248
h dynamic 30,0.6853146853146853,0.6787878787878787,0.6332101806239737,0.6329778132664119,657,95822412
h dynamic 30,0.7132867132867133,0.7098419173890872,0.6689244663382594,0.6733522758928074,159,24942603
h dynamic 30,0.6783216783216783,0.6675661090124123,0.6274630541871921,0.6270975056689342,877,13356886
h dynamic 30,0.6923076923076923,0.6868591473286563,0.6421387520525452,0.6433106575963718,421,46913810
h dynamic 30,0.6853146853146853,0.6787878787878787,0.6332101806239737,0.6329778132664119,515,42868828
h dynamic 30,0.6923076923076923,0.6838006230529594,0.645320197044335,0.6474675033617212,570,39958838
h dynamic 30,0.6713286713286714,0.6568783068783068,0.6217159277504105,0.6212454212454213,1229,28728463
h dynamic 30,0.7062937062937062,0.6992481203007519,0.6631773399014778,0.6672207446808511,158,23756669
h dynamic 30,0.6713286713286714,0.6568783068783068,0.6217159277504105,0.6212454212454213,253,83197857
h dynamic 30,0.6993006993006993,0.6891025641025641,0.6574302134646962,0.6611187655001378,135,21668732
h dynamic 30,0.6783216783216783,0.6675661090124123,0.6274630541871921,0.6270975056689342,407,89254563
h dynamic 30,0.6993006993006993,0.6891025641025641,0.6574302134646962,0.6611187655001378,963,66629388
h dynamic 30,0.6783216783216783,0.6675661090124123,0.6274630541871921,0.6270975056689342,603,14265799
h dynamic 30,0.6713286713286714,0.6568783068783068,0.6217159277504105,0.6212454212454213,858,13999315
h dynamic 30,0.6853146853146853,0.6787878787878787,0.6332101806239737,0.6329778132664119,405,22575562
h dynamic 30,0.6853146853146853,0.6787878787878787,0.6332101806239737,0.6329778132664119,687,39345092
h dynamic 30,0.6993006993006993,0.6891025641025641,0.6574302134646962,0.6611187655001378,854,41227216
h dynamic 30,0.6923076923076923,0.6868591473286563,0.6421387520525452,0.6433106575963718,738,77827638
h dynamic 30,0.6853146853146853,0.6787878787878787,0.6332101806239737,0.6329778132664119,462,90801586
h dynamic 30,0.6853146853146853,0.6787878787878787,0.6332101806239737,0.6329778132664119,576,13561597
h dynamic 30,0.6783216783216783,0.6675661090124123,0.6274630541871921,0.6270975056689342,830,85329037
h dynamic 30,0.6713286713286714,0.6618663594470047,0.6153530377668309,0.6117946052099579,1243,36687537
h dynamic 30,0.6783216783216783,0.6675661090124123,0.6274630541871921,0.6270975056689342,409,97226012
h dynamic 30,0.6993006993006993,0.6916114227434982,0.6542487684729064,0.6574182405705054,147,83140807
h dynamic 30,0.6853146853146853,0.6757936507936508,0.6363916256157636,0.6373626373626373,541,66306997
h dynamic 30,0.6783216783216783,0.6652388369678088,0.6306444991789819,0.6314432989690721,260,39587039
h dynamic 30,0.6783216783216783,0.6675661090124123,0.6274630541871921,0.6270975056689342,466,70291817
h dynamic 30,0.6923076923076923,0.6868591473286563,0.6421387520525452,0.6433106575963718,956,89089901
h dynamic 30,0.6783216783216783,0.6675661090124123,0.6274630541871921,0.6270975056689342,716,47338124
h dynamic 30,0.6853146853146853,0.6787878787878787,0.6332101806239737,0.6329778132664119,388,10872248
h dynamic 50,0.6713286713286714,0.6551504334523202,0.6248973727422003,0.6255501699259012,312,95822412
h dynamic 50,0.6923076923076923,0.6813283208020051,0.6485016420361248,0.6513741134751774,1115,24942603
h dynamic 50,0.6923076923076923,0.6813283208020051,0.6485016420361248,0.6513741134751774,2615,13356886
h dynamic 50,0.6923076923076923,0.6813283208020051,0.6485016420361248,0.6513741134751774,927,46913810
h dynamic 50,0.6783216783216783,0.6675661090124123,0.6274630541871921,0.6270975056689342,260,42868828
h dynamic 50,0.6853146853146853,0.6757936507936508,0.6363916256157636,0.6373626373626373,991,39958838
h dynamic 50,0.6713286713286714,0.6568783068783068,0.6217159277504105,0.6212454212454213,300,28728463
h dynamic 50,0.6853146853146853,0.671474358974359,0.6427545155993432,0.6453568476164233,372,23756669
h dynamic 50,0.6993006993006993,0.6891025641025641,0.6574302134646962,0.6611187655001378,1911,83197857
h dynamic 50,0.6783216783216783,0.6675661090124123,0.6274630541871921,0.6270975056689342,223,21668732
h dynamic 50,0.7062937062937062,0.70236240913811,0.659995894909688,0.6634917077543703,1110,89254563
h dynamic 50,0.6923076923076923,0.6838006230529594,0.645320197044335,0.6474675033617212,591,66629388
h dynamic 50,0.6853146853146853,0.6757936507936508,0.6363916256157636,0.6373626373626373,653,14265799
h dynamic 50,0.7062937062937062,0.6967233009708738,0.6663587848932676,0.6707236842105263,151,13999315
h dynamic 50,0.6853146853146853,0.6787878787878787,0.6332101806239737,0.6329778132664119,554,22575562
h dynamic 50,0.6923076923076923,0.6868591473286563,0.6421387520525452,0.6433106575963718,1044,39345092
h dynamic 50,0.6783216783216783,0.6675661090124123,0.6274630541871921,0.6270975056689342,424,41227216
h dynamic 50,0.6993006993006993,0.6947089947089947,0.6510673234811166,0.6534798534798535,1103,77827638
h dynamic 50,0.6853146853146853,0.6787878787878787,0.6332101806239737,0.6329778132664119,451,90801586
h dynamic 50,0.6993006993006993,0.6891025641025641,0.6574302134646962,0.6611187655001378,1327,13561597
h dynamic 50,0.6853146853146853,0.6757936507936508,0.6363916256157636,0.6373626373626373,464,85329037
h dynamic 50,0.6783216783216783,0.6675661090124123,0.6274630541871921,0.6270975056689342,444,36687537
h dynamic 50,0.6853146853146853,0.6787878787878787,0.6332101806239737,0.6329778132664119,287,97226012
h dynamic 50,0.6923076923076923,0.6813283208020051,0.6485016420361248,0.6513741134751774,227,83140807
h dynamic 50,0.6713286713286714,0.6568783068783068,0.6217159277504105,0.6212454212454213,274,66306997
h dynamic 50,0.6713286713286714,0.6551504334523202,0.6248973727422003,0.6255501699259012,312,39587039
h dynamic 50,0.6783216783216783,0.6652388369678088,0.6306444991789819,0.6314432989690721,541,70291817
h dynamic 50,0.6853146853146853,0.6787878787878787,0.6332101806239737,0.6329778132664119,638,89089901
h dynamic 50,0.6783216783216783,0.6675661090124123,0.6274630541871921,0.6270975056689342,543,47338124
h dynamic 50,0.6853146853146853,0.6787878787878787,0.6332101806239737,0.6329778132664119,537,10872248
